Workbook

Sheet 设置
A1: 状态 | B1: 重要度 | C1: 重要度分值 | D1: 周期 | E1: 类别
A2: 未完成 | B2: 高 | C2: 3 | D2: 一次性 | E2: 基础设置
A3: 完成 | B3: 中 | C3: 2 | D3: 每日 | E3: 工作学习
A4: 不适用 | B4: 低 | C4: 1 | D4: 每周 | E4: 信息注意力
D5: 每月 | E5: 身体心理
D6: 每季度 | E6: 安全
D7: 每年 | E7: 技能栈
E8: 知识资产
E9: 职业收入
E10: 安全合规
E11: 复盘
E12: 战略
E13: 财务风险
E14: 健康关系
E15: 身份方向
E16: 技能作品
E17: 意义关系
E18: 风险底线

Sheet 检查表
A1: 序号 | B1: 周期 | C1: 类别 | D1: 检查项 | E1: 状态 | F1: 重要度 | G1: 重要度分值 | H1: 得分 | I1: 备注 | J1: 更新日期
G2: =IF(F2="","",VLOOKUP(F2,设置!$B$2:$C$4,2,FALSE)) | H2: =IF(E2="完成",G2,0) -> 0
G3: =IF(F3="","",VLOOKUP(F3,设置!$B$2:$C$4,2,FALSE)) | H3: =IF(E3="完成",G3,0) -> 0
G4: =IF(F4="","",VLOOKUP(F4,设置!$B$2:$C$4,2,FALSE)) | H4: =IF(E4="完成",G4,0) -> 0
G5: =IF(F5="","",VLOOKUP(F5,设置!$B$2:$C$4,2,FALSE)) | H5: =IF(E5="完成",G5,0) -> 0
G6: =IF(F6="","",VLOOKUP(F6,设置!$B$2:$C$4,2,FALSE)) | H6: =IF(E6="完成",G6,0) -> 0
G7: =IF(F7="","",VLOOKUP(F7,设置!$B$2:$C$4,2,FALSE)) | H7: =IF(E7="完成",G7,0) -> 0
G8: =IF(F8="","",VLOOKUP(F8,设置!$B$2:$C$4,2,FALSE)) | H8: =IF(E8="完成",G8,0) -> 0
G9: =IF(F9="","",VLOOKUP(F9,设置!$B$2:$C$4,2,FALSE)) | H9: =IF(E9="完成",G9,0) -> 0
G10: =IF(F10="","",VLOOKUP(F10,设置!$B$2:$C$4,2,FALSE)) | H10: =IF(E10="完成",G10,0) -> 0
G11: =IF(F11="","",VLOOKUP(F11,设置!$B$2:$C$4,2,FALSE)) | H11: =IF(E11="完成",G11,0) -> 0
G12: =IF(F12="","",VLOOKUP(F12,设置!$B$2:$C$4,2,FALSE)) | H12: =IF(E12="完成",G12,0) -> 0
G13: =IF(F13="","",VLOOKUP(F13,设置!$B$2:$C$4,2,FALSE)) | H13: =IF(E13="完成",G13,0) -> 0
... G1000: =IF(F1000="","",VLOOKUP(F1000,设置!$B$2:$C$4,2,FALSE)) | H1000: =IF(E1000="完成",G1000,0) -> 0

Sheet 仪表盘
A1: 总体指标
A2: 总项数 | B2: =COUNTA(检查表!D2:D1000) -> 0
A3: 完成数 | B3: =COUNTIF(检查表!E2:E1000,"完成") -> 0
A4: 未完成数 | B4: =COUNTIF(检查表!E2:E1000,"未完成") -> 0
A5: 不适用数 | B5: =COUNTIF(检查表!E2:E1000,"不适用") -> 0
A6: 有效项数 | B6: =B2-B5 -> 0
A7: 总重要度 | B7: =SUMIFS(检查表!G2:G1000,检查表!E2:E1000,"<>不适用") -> 0
A8: 总得分 | B8: =SUM(检查表!H2:H1000) -> 0
A9: 简单完成率 | B9: =IF(B6=0,0,B3/B6) -> 0
A10: 加权完成率 | B10: =IF(B7=0,0,B8/B7) -> 0
